{
  "temperature": 9.999996,
  "nll_before": 1.928773,
  "nll_after": 1.085048,
  "n_samples": 14000
}